Variable,Mean,Q10,Q90
KGD,"[7.549495  6.7931323 5.3404994 2.580044  1.4953147 1.3217229 1.1848735
 1.071091  1.0648985 1.0538105 1.0613358 1.1425866 3.0329194 9.594707
       nan]","[7.1934595  6.400295   4.7630486  2.1227794  1.2013094  1.1712832
 1.0599927  0.92751414 0.8867485  0.8956207  0.9061445  0.9049894
 0.9074387  3.851338          nan]","[ 7.982509   7.2714443  5.6966805  3.0276196  2.0610566  1.557247
  1.3543719  1.3157549  1.2246059  1.2225955  1.2451926  1.3111322
  7.1386037 16.029444         nan]"
F_P,"[43.295303  35.819897  24.909834  16.161411  13.807584  11.821732
  9.098491   6.971929   6.0238123  5.7767043  5.803495   5.704574
  6.196259  13.393625         nan]","[41.227863  33.729412  23.358166  15.826951  13.429108  11.285803
  8.787436   6.6561427  5.6485353  5.3280683  5.366701   5.2371135
  5.6229405  6.6807213        nan]","[45.897793  38.399273  26.57658   16.42365   14.127573  12.147283
  9.353219   7.2554693  6.4338927  6.176303   6.276125   6.095392
  7.1735716 22.781082         nan]"
L,"[44.328125  36.894672  25.929993  17.022888  14.5203905 12.258071
  8.874874   5.65837    3.5313141  2.2807868  1.8540382  1.7643734
  2.2966964  9.536412         nan]","[42.325096  34.85501   24.423592  16.712004  14.0577755 11.548511
  8.26056    5.280568   3.3496861  2.134887   1.7225373  1.6064084
  1.7270765  3.0585487        nan]","[46.85526   39.39751   27.55732   17.332138  14.858703  12.718964
  9.274775   5.992934   3.7392983  2.397056   2.0074928  1.9237857
  3.466283  18.66834          nan]"
KGD_KDE,"[7.52403   6.7785273 5.335127  2.6796672 1.7312672 1.6280669 1.7405003
 1.8406237 1.7886057 2.120339  1.7830219 2.5392091 5.019063  9.345801
       nan]","[7.1934595  6.400295   4.7630486  2.1227794  1.2013094  1.1712832
 1.0599927  0.92751414 0.8867485  0.8956207  0.9061445  0.9049894
 1.0225269  3.851338          nan]","[ 7.84614    7.1400023  5.6966805  3.3393087  2.2237716  1.8877344
  1.9828986  2.099849   1.9747332  2.320712   2.049738   2.707747
 10.118642  16.029444         nan]"
